{"alabamast": {"notredame": -40.86168670654297}, "notredame": {"alabamast": 40.86168670654297, "alabama": -8.063173294067383}, "gonzaga": {"georgiast": 31.019922256469727, "memphis": 15.931671142578125, "connecticut": 7.094582557678223, "alabama": 5.366922378540039, "arizona": 11.725333213806152, "baylor": 2.9373722076416016, "houston": 1.8810545206069946, "auburn": 13.532773971557617}, "georgiast": {"gonzaga": -31.019922256469727}, "boisest": {"memphis": -2.168485164642334}, "memphis": {"boisest": 2.168485164642334, "gonzaga": -15.931671142578125}, "connecticut": {"newmexicost": 20.607955932617188, "arkansas": 0.7410917282104492, "gonzaga": -7.094582557678223}, "newmexicost": {"connecticut": -20.607955932617188}, "arkansas": {"vermont": 19.57164192199707, "connecticut": -0.7410917282104492}, "vermont": {"arkansas": -19.57164192199707}, "alabama": {"notredame": 8.063173294067383, "texastech": 1.4999794960021973, "duke": 1.8349093198776245, "gonzaga": -5.366922378540039}, "texastech": {"montanast": 29.531822204589844, "alabama": -1.4999794960021973}, "montanast": {"texastech": -29.531822204589844}, "michiganst": {"davidson": 4.243257522583008, "duke": -1.5380891561508179}, "davidson": {"michiganst": -4.243257522583008}, "duke": {"calstfullerton": 34.35985565185547, "michiganst": 1.5380891561508179, "alabama": -1.8349093198776245}, "calstfullerton": {"duke": -34.35985565185547}, "arizona": {"gonzaga": -11.725333213806152, "bryant": 20.582199096679688, "setonhall": -0.411258727312088}, "bryant": {"arizona": -20.582199096679688}, "setonhall": {"tcu": 7.363240718841553, "arizona": 0.411258727312088, "houston": -6.620682716369629}, "tcu": {"setonhall": -7.363240718841553}, "houston": {"uab": 17.998382568359375, "illinois": 1.1428771018981934, "setonhall": 6.620682716369629, "michigan": 0.06573796272277832, "iowa": 0.5510366559028625, "gonzaga": -1.8810545206069946}, "uab": {"houston": -17.998382568359375}, "illinois": {"chattanooga": 21.235706329345703, "houston": -1.1428771018981934}, "chattanooga": {"illinois": -21.235706329345703}, "coloradost": {"michigan": -18.450904846191406}, "michigan": {"coloradost": 18.450904846191406, "tennessee": 5.036408424377441, "ohiost": 1.3437657356262207, "houston": -0.06573796272277832}, "tennessee": {"longwood": 28.261322021484375, "michigan": -5.036408424377441}, "longwood": {"tennessee": -28.261322021484375}, "ohiost": {"loyolachicago": 5.5550312995910645, "villanova": 3.001753091812134, "michigan": -1.3437657356262207}, "loyolachicago": {"ohiost": -5.5550312995910645}, "villanova": {"delaware": 24.212696075439453, "ohiost": -3.001753091812134}, "delaware": {"villanova": -24.212696075439453}, "baylor": {"norfolkst": 36.71384048461914, "northcarolina": 3.447044610977173, "saintmarys": 8.937519073486328, "purdue": 3.016678810119629, "gonzaga": -2.9373722076416016}, "norfolkst": {"baylor": -36.71384048461914}, "northcarolina": {"marquette": 3.102592945098877, "baylor": -3.447044610977173}, "marquette": {"northcarolina": -3.102592945098877}, "saintmarys": {"iowa": -9.188837051391602, "wyoming": 14.023456573486328, "indiana": -1.4101271629333496, "ucla": 0.14973554015159607, "baylor": -8.937519073486328}, "iowa": {"saintmarys": 9.188837051391602, "richmond": 17.708518981933594, "providence": 9.230350494384766, "creighton": 3.4398703575134277, "wisconsin": 2.7033591270446777, "houston": -0.5510366559028625}, "wyoming": {"saintmarys": -14.023456573486328}, "indiana": {"saintmarys": 1.4101271629333496}, "ucla": {"akron": 4.6505327224731445, "saintmarys": -0.14973554015159607}, "akron": {"ucla": -4.6505327224731445}, "texas": {"virginiatech": 3.5252652168273926, "purdue": -1.9375801086425781}, "virginiatech": {"texas": -3.5252652168273926}, "purdue": {"texas": 1.9375801086425781, "kentucky": 1.379892349243164, "baylor": -3.016678810119629}, "murrayst": {"sanfrancisco": -5.15814733505249}, "sanfrancisco": {"murrayst": 5.15814733505249, "kentucky": -7.83981466293335}, "kentucky": {"saintpeters": 22.290185928344727, "sanfrancisco": 7.83981466293335, "purdue": -1.379892349243164}, "saintpeters": {"kentucky": -22.290185928344727}, "kansas": {"texassouthern": 30.58864402770996, "creighton": -0.07815027236938477}, "texassouthern": {"kansas": -30.58864402770996}, "sandiegost": {"creighton": -1.986100673675537}, "creighton": {"sandiegost": 1.986100673675537, "kansas": 0.07815027236938477, "iowa": -3.4398703575134277}, "richmond": {"iowa": -17.708518981933594}, "providence": {"southdakotast": 12.291906356811523, "iowa": -9.230350494384766}, "southdakotast": {"providence": -12.291906356811523}, "lsu": {"iowast": 15.309319496154785, "wisconsin": -0.8445556163787842}, "iowast": {"lsu": -15.309319496154785}, "wisconsin": {"colgate": 12.698863983154297, "lsu": 0.8445556163787842, "usc": 1.2290143966674805, "iowa": -2.7033591270446777}, "colgate": {"wisconsin": -12.698863983154297}, "usc": {"miami": 9.817253112792969, "auburn": 1.8906906843185425, "wisconsin": -1.2290143966674805}, "miami": {"usc": -9.817253112792969}, "auburn": {"jacksonvillest": 17.963409423828125, "usc": -1.8906906843185425, "gonzaga": -13.532773971557617}, "jacksonvillest": {"auburn": -17.963409423828125}}